,city,Lat,Lng,Max Temp,Humidity,Cloudiness,Wind Speed,Country,Date
0,odienne,9.51,-7.57,68.58,96,65,3.74,CI,1596937078
1,katangli,51.71,143.23,69.31,59,0,13.69,RU,1596937079
2,cape town,-33.93,18.42,55.99,87,75,13.87,ZA,1596936374
3,lompoc,34.64,-120.46,70.0,68,8,12.75,US,1596936433
4,bandarbeyla,9.49,50.81,79.45,53,0,28.72,SO,1596936686
5,kavieng,-2.57,150.8,83.17,73,97,6.06,PG,1596936595
6,seymchan,62.88,152.43,68.52,44,27,4.43,RU,1596937085
7,atuona,-9.8,-139.03,79.52,75,4,22.91,PF,1596936591
8,bluff,-46.6,168.33,48.99,88,100,17.0,NZ,1596936581
9,saint-louis,16.33,-15.0,86.0,70,69,4.7,SN,1596937089
10,dikson,73.51,80.55,40.96,95,100,20.67,RU,1596936596
11,te anau,-45.42,167.72,45.01,84,100,6.67,NZ,1596936596
12,hithadhoo,-0.6,73.08,82.35,78,96,10.54,MV,1596936461
13,albany,42.6,-73.97,72.0,69,0,2.35,US,1596936293
14,iquique,-20.22,-70.14,59.0,77,0,9.17,CL,1596937095
15,tasiilaq,65.61,-37.64,42.8,87,100,11.41,GL,1596936616
16,busselton,-33.65,115.33,55.99,56,100,38.39,AU,1596937048
17,jamestown,42.1,-79.24,68.0,60,1,3.36,US,1596936989
18,hobart,-42.88,147.33,45.0,75,20,8.05,AU,1596936489
19,vaini,-21.2,-175.2,77.0,65,40,9.17,TO,1596936500
20,lagoa,39.05,-27.98,68.68,64,0,0.96,PT,1596936618
21,rikitea,-23.12,-134.97,70.63,69,3,18.66,PF,1596937049
22,vila franca do campo,37.72,-25.43,69.8,88,20,5.82,PT,1596936606
23,qaanaaq,77.48,-69.36,39.45,70,27,5.7,GL,1596936574
24,khatanga,71.97,102.5,50.85,90,98,10.94,RU,1596936599
25,tiksi,71.69,128.87,38.53,92,100,18.86,RU,1596936632
26,mount gambier,-37.83,140.77,53.6,76,90,14.99,AU,1596936578
27,piacabucu,-10.41,-36.43,73.15,87,2,10.45,BR,1596937110
28,mataura,-46.19,168.86,48.99,88,100,17.0,NZ,1596936586
29,punta arenas,-53.15,-70.92,35.6,82,12,5.82,CL,1596937053
30,georgetown,5.41,100.34,84.2,83,20,3.36,MY,1596936541
31,ushuaia,-54.8,-68.3,35.6,80,20,16.11,AR,1596936576
32,fasa,28.94,53.65,77.0,31,100,4.7,IR,1596937115
33,loiza,18.43,-65.88,84.2,74,20,10.29,PR,1596936935
34,strezhevoy,60.73,77.59,66.2,72,0,4.47,RU,1596937075
35,bambous virieux,-20.34,57.76,68.0,82,75,16.11,MU,1596936421
36,doka,13.52,35.77,69.21,97,88,8.48,SD,1596937119
37,roma,43.21,-75.46,75.2,69,1,1.88,US,1596936998
38,vila velha,-20.33,-40.29,66.2,93,40,2.24,BR,1596936677
39,east london,-33.02,27.91,70.34,35,0,9.17,ZA,1596936575
40,mosalsk,54.49,34.98,56.52,95,0,4.43,RU,1596937123
41,kuching,1.55,110.33,84.2,83,20,1.12,MY,1596937124
42,aswan,24.09,32.91,86.58,21,24,6.31,EG,1596937125
43,sabang,5.89,95.32,84.58,71,87,15.46,ID,1596937127
44,kirakira,-10.45,161.92,84.11,74,76,11.07,SB,1596936578
45,saskylakh,71.92,114.08,52.29,89,100,10.8,RU,1596936599
46,castro,-24.79,-50.01,55.31,61,0,1.97,BR,1596936588
47,yellowknife,62.46,-114.35,73.0,68,75,6.93,CA,1596936585
48,victoria,22.29,114.16,86.0,74,20,3.36,HK,1596936395
49,ostrovnoy,68.05,39.51,50.79,92,98,3.2,RU,1596936656
50,menongue,-14.66,17.69,52.39,45,0,3.18,AO,1596936690
51,comodoro rivadavia,-45.87,-67.5,41.0,61,0,8.05,AR,1596936821
52,port alfred,-33.59,26.89,65.41,36,0,15.14,ZA,1596936580
53,lisakovsk,52.54,62.49,64.87,85,90,7.45,KZ,1596937138
54,norman wells,65.28,-126.83,59.0,87,75,5.82,CA,1596936574
55,lebu,-37.62,-73.65,49.91,94,100,2.51,CL,1596936592
56,pitimbu,-7.47,-34.81,73.4,94,20,5.82,BR,1596937141
57,kapaa,22.08,-159.32,84.2,74,75,16.11,US,1596936463
58,teguise,29.06,-13.56,73.4,73,90,17.22,ES,1596937070
59,zarand,30.81,56.56,69.87,28,4,2.21,IR,1596937144
60,mandalgovi,45.76,106.27,63.09,49,0,13.98,MN,1596936608
61,kenora,49.82,-94.43,77.0,38,40,6.93,CA,1596937146
62,krasnoselkup,65.7,82.47,69.03,61,25,12.37,RU,1596937147
63,aasiaat,68.71,-52.87,35.71,97,100,6.33,GL,1596936671
64,panjakent,39.5,67.61,68.0,64,4,2.24,TJ,1596936853
65,bredasdorp,-34.53,20.04,57.2,67,16,11.41,ZA,1596936580
66,komsomolskiy,40.43,71.72,75.2,50,93,9.17,UZ,1596936614
67,marystown,47.17,-55.15,60.44,91,100,11.25,CA,1596936678
68,kahului,20.89,-156.47,91.4,46,20,27.51,US,1596936676
69,port elizabeth,-33.92,25.57,51.8,66,0,4.7,ZA,1596936579
70,harindanga,22.04,88.32,82.4,94,75,3.36,IN,1596937157
71,sinnamary,5.38,-52.95,78.13,87,98,7.83,GF,1596937046
72,rodez,44.5,2.58,71.6,64,0,3.36,FR,1596937160
73,paamiut,61.99,-49.67,42.67,81,100,5.19,GL,1596936591
74,mercedes,-34.65,-59.43,57.0,98,10,2.48,AR,1596936956
75,los llanos de aridane,28.66,-17.92,75.2,78,75,11.41,ES,1596937163
76,guerrero negro,27.98,-114.06,74.48,62,0,18.48,MX,1596936579
77,ribeira grande,38.52,-28.7,69.85,68,50,3.83,PT,1596936577
78,pacasmayo,-7.4,-79.57,60.37,87,26,8.59,PE,1596937168
79,airai,-8.93,125.41,73.58,50,19,2.19,TL,1596936497
80,geraldton,-28.77,114.6,62.6,93,75,9.17,AU,1596936455
81,butaritari,3.07,172.79,83.39,78,2,20.6,KI,1596936585
82,saint george,37.1,-113.58,100.0,7,1,13.87,US,1596936608
83,tura,25.52,90.22,79.07,88,100,3.96,IN,1596936644
84,olinda,-8.01,-34.86,77.0,83,75,11.41,BR,1596937174
85,tadine,-21.55,167.88,74.23,59,4,2.66,NC,1596937175
86,pinkafeld,47.37,16.12,71.01,63,42,3.91,AT,1596937176
87,rehoboth,-23.32,17.08,51.87,43,8,11.9,NA,1596936690
88,kalmunai,7.42,81.82,81.61,71,99,1.61,LK,1596937181
89,hermanus,-34.42,19.23,53.01,93,9,8.99,ZA,1596936605
90,codrington,-38.27,141.97,54.0,76,100,15.55,AU,1596936603
91,torbay,47.67,-52.73,66.99,72,75,11.41,CA,1596936914
92,laguna,38.42,-121.42,93.0,29,1,10.29,US,1596936553
93,mar del plata,-38.0,-57.56,57.0,100,90,9.17,AR,1596936499
94,iqaluit,63.75,-68.51,51.8,57,20,16.11,CA,1596936595
95,yabelo,4.88,38.08,55.53,80,97,10.67,ET,1596937189
96,catamarca,-28.47,-65.79,61.0,47,0,5.79,AR,1596937190
97,padang,-0.95,100.35,81.54,69,77,2.71,ID,1596936318
98,sokoni,-6.43,39.55,68.0,94,20,8.05,TZ,1596937192
99,mataram,-8.58,116.12,80.6,74,20,4.47,ID,1596937193
100,namibe,-15.2,12.15,59.2,87,11,7.65,AO,1596936670
101,luocheng,29.38,104.03,86.7,68,100,1.7,CN,1596937195
102,fortuna,40.6,-124.16,69.01,69,1,1.99,US,1596936602
103,ishigaki,24.34,124.16,84.2,94,75,8.05,JP,1596937197
104,prince rupert,54.32,-130.32,59.0,77,90,4.7,CA,1596936937
105,sarangani,5.4,125.46,83.95,71,86,8.68,PH,1596937199
106,ponta do sol,32.67,-17.1,73.4,69,20,9.17,PT,1596937200
107,avarua,-21.21,-159.78,75.2,88,64,4.7,CK,1596937202
108,hilo,19.73,-155.09,82.4,65,90,6.93,US,1596937140
109,virginia beach,36.85,-75.98,75.99,88,75,5.14,US,1596936701
110,manokwari,-0.87,134.08,83.91,65,63,5.61,ID,1596937206
111,bridlington,54.08,-0.19,59.0,93,91,10.29,GB,1596937207
112,champerico,14.3,-91.92,82.4,88,75,6.93,GT,1596937191
113,fairbanks,64.84,-147.72,64.99,59,75,4.7,US,1596937211
114,namuac,18.61,121.17,86.56,65,46,2.82,PH,1596937212
115,hofn,64.25,-15.21,51.71,88,81,14.67,IS,1596937213
116,havelock,34.88,-76.9,82.0,83,1,4.7,US,1596937214
117,talnakh,69.49,88.4,59.0,82,100,6.71,RU,1596937054
118,hibbing,47.43,-92.94,75.2,88,1,4.45,US,1596937189
119,doha,25.29,51.53,98.6,32,100,4.7,QA,1596937219
120,svetlogorsk,52.63,29.73,59.43,93,0,2.98,BY,1596937220
121,omsukchan,62.53,155.8,60.39,58,98,6.8,RU,1596937221
122,saint-georges,12.06,-61.75,80.6,88,20,6.93,GD,1596936653
123,mirandopolis,-21.13,-51.1,67.21,46,10,6.26,BR,1596937223
124,jining,35.41,116.58,83.48,79,37,0.31,CN,1596936645
125,taoudenni,22.68,-3.98,100.65,12,0,11.3,ML,1596936463
126,challans,46.84,-1.87,68.0,82,0,4.7,FR,1596937226
127,labuhan,-6.88,112.21,82.47,70,24,9.17,ID,1596937070
128,camargo,27.67,-105.17,89.51,20,49,7.25,MX,1596937228
129,kiruna,67.86,20.23,57.2,93,100,3.36,SE,1596936636
130,faanui,-16.48,-151.75,78.49,80,0,17.29,PF,1596937231
131,sitka,57.05,-135.33,55.4,87,90,4.7,US,1596936474
132,olafsvik,64.89,-23.71,50.16,89,100,18.23,IS,1596936674
133,lata,40.16,-8.33,64.0,98,10,1.68,PT,1596937234
134,chokurdakh,70.63,147.92,43.72,62,100,6.58,RU,1596937187
135,kodiak,57.79,-152.41,53.6,81,90,3.36,US,1596937237
136,severo-kurilsk,50.68,156.12,52.75,92,100,17.09,RU,1596937238
137,barrow,71.29,-156.79,48.2,87,90,10.29,US,1596937054
138,bassano,50.78,-112.47,57.0,74,94,8.99,CA,1596937240
139,changping,40.22,116.22,88.0,62,0,2.24,CN,1596937241
140,qaqortoq,60.72,-46.03,51.8,71,41,3.36,GL,1596936663
141,puerto ayora,-0.74,-90.35,66.99,91,79,1.01,EC,1596937051
142,arraial do cabo,-22.97,-42.03,70.74,80,0,15.57,BR,1596937112
143,enshi,30.3,109.48,85.78,71,62,1.03,CN,1596937245
144,bilibino,68.05,166.44,48.61,86,100,11.86,RU,1596937246
145,san carlos,9.66,-68.58,73.92,94,100,2.24,VE,1596937247
146,botwood,49.15,-55.35,66.0,72,26,6.62,CA,1596937249
147,new norfolk,-42.78,147.06,46.0,81,0,8.01,AU,1596937184
148,modakeke,7.38,4.27,65.68,96,0,2.17,NG,1596937251
149,leningradskiy,69.38,178.42,50.95,61,40,14.61,RU,1596937253
150,zhangye,38.93,100.45,81.39,21,2,7.05,CN,1596937255
151,grand gaube,-20.01,57.66,66.99,78,35,5.99,MU,1596937256
152,acajutla,13.59,-89.83,77.0,91,93,6.35,SV,1596937257
153,haines junction,60.75,-137.51,58.48,49,50,9.89,CA,1596937258
154,meulaboh,4.14,96.13,81.46,68,98,2.68,ID,1596937259
155,voi,-3.39,38.56,62.92,87,28,8.81,KE,1596937260
156,najran,17.49,44.13,80.6,44,100,9.17,SA,1596937183
157,nanortalik,60.14,-45.24,42.21,80,33,8.1,GL,1596937193
158,russell,32.35,-85.2,80.6,94,1,2.39,US,1596937264
159,havre-saint-pierre,50.23,-63.6,60.8,87,1,9.86,CA,1596937265
160,yerbogachen,61.28,108.01,74.7,44,4,2.53,RU,1596937185
161,hillsborough,37.57,-122.38,75.99,68,20,19.46,US,1596937267
162,ballina,-28.87,153.57,62.01,50,0,5.01,AU,1596937268
163,katherine,-14.47,132.27,80.6,26,0,12.75,AU,1596937269
164,albi,43.93,2.15,73.0,80,0,3.94,FR,1596937270
165,hobyo,5.35,48.53,74.75,70,96,20.58,SO,1596937271
166,walvis bay,-22.96,14.51,55.99,81,0,4.7,NA,1596937197
167,poum,-20.23,164.02,72.45,73,55,16.96,NC,1596937060
168,daman,20.42,72.85,81.59,85,100,12.71,IN,1596937274
169,erenhot,43.65,111.98,79.38,28,66,8.66,CN,1596937275
170,saint-joseph,-21.37,55.62,66.2,72,90,16.11,RE,1596937277
171,taksimo,56.34,114.88,66.92,64,96,2.95,RU,1596937278
172,springfield,37.22,-93.3,86.0,70,1,8.05,US,1596937232
173,mahebourg,-20.41,57.7,68.0,82,75,16.11,MU,1596937212
174,souillac,-20.52,57.52,68.0,82,75,16.11,MU,1596937281
175,kommunar,59.62,30.39,63.0,77,83,2.24,RU,1596937282
176,san juan,-31.54,-68.54,57.87,35,31,7.02,AR,1596937175
177,thinadhoo,0.53,72.93,82.54,78,100,10.89,MV,1596937285
178,san cristobal,7.77,-72.22,66.67,90,100,3.69,VE,1596937286
179,esperance,-33.87,121.9,48.2,87,100,19.46,AU,1596937183
180,provideniya,64.38,-173.3,50.63,61,45,6.13,RU,1596937288
181,pierre,44.37,-100.35,80.6,74,75,8.05,US,1596937289
182,tabivere,58.55,26.6,62.01,93,0,2.24,EE,1596937290
183,tuktoyaktuk,69.45,-133.04,48.2,93,90,23.04,CA,1596937292
184,onguday,50.75,86.15,62.6,66,1,2.91,RU,1596937293
185,sohag,26.56,31.69,87.8,25,33,11.41,EG,1596937294
186,maldonado,-34.67,-54.92,64.0,93,100,4.7,UY,1596937295
187,thompson,55.74,-97.86,68.0,68,75,14.99,CA,1596937062
188,poptun,16.33,-89.42,72.01,92,50,4.65,GT,1596937297
189,parrsboro,45.4,-64.33,64.99,56,14,4.0,CA,1596937298
190,lerwick,60.15,-1.15,48.2,93,2,5.32,GB,1596937299
191,rosetta,31.4,30.42,78.8,74,40,12.75,EG,1596937300
192,gobabis,-22.45,18.97,46.4,33,0,26.4,NA,1596937301
193,chase,50.82,-119.69,71.6,43,75,11.41,CA,1596937302
194,carutapera,-1.2,-46.02,75.43,85,0,4.03,BR,1596937184
195,san patricio,19.22,-104.7,77.0,88,90,11.41,MX,1596937305
196,klaksvik,62.23,-6.59,50.0,100,14,8.05,FO,1596937306
197,chizhou,30.66,117.48,82.92,86,99,2.48,CN,1596937307
198,alyangula,-13.85,136.42,77.92,59,92,11.59,AU,1596937308
199,pisco,-13.7,-76.22,60.8,87,3,11.41,PE,1596937065
200,livingstonia,-10.61,34.11,55.17,82,30,3.15,MW,1596937310
201,manggar,-2.88,108.27,83.48,75,14,11.41,ID,1596937311
202,bundaberg,-24.85,152.35,66.99,51,0,12.75,AU,1596937312
203,bodo,67.28,14.4,55.4,82,75,18.34,NO,1596937313
204,narsaq,60.92,-46.05,51.8,71,48,3.36,GL,1596937314
205,lumphat,13.49,106.98,77.36,93,100,2.13,KH,1596937315
206,pumiao,22.75,108.48,84.2,79,20,2.24,CN,1596937316
207,ahipara,-35.17,173.17,57.4,63,27,9.04,NZ,1596937318
208,chateaudun,48.08,1.33,73.4,64,0,5.82,FR,1596937319
209,gberia fotombu,9.88,-11.17,69.15,99,100,5.77,SL,1596937320
210,parabel,58.7,81.48,67.73,61,0,3.67,RU,1596937159
211,san ramon,37.78,-121.98,87.8,25,1,14.99,US,1596937028
212,nelson bay,-32.72,152.15,59.0,54,90,23.04,AU,1596937323
213,boditi,6.97,37.87,55.9,98,90,7.87,ET,1596937325
214,katsuura,35.13,140.3,90.0,79,51,8.01,JP,1596937326
215,plettenberg bay,-34.05,23.37,57.31,45,0,7.87,ZA,1596937327
216,paragominas,-2.97,-47.48,74.57,62,0,3.65,BR,1596937328
217,kjollefjord,70.95,27.35,53.71,81,96,7.54,NO,1596937329
218,grindavik,63.84,-22.43,50.0,93,90,23.04,IS,1596937330
219,khasan,42.43,130.64,70.84,91,80,13.49,RU,1596937332
220,kaitangata,-46.28,169.85,51.01,63,100,17.0,NZ,1596937333
221,umm lajj,25.02,37.27,84.0,52,52,3.0,SA,1596937334
222,issenye,-2.0,34.33,63.23,61,1,6.31,TZ,1596937335
223,chuy,-33.7,-53.46,56.23,87,96,6.49,UY,1596937184
224,carnarvon,-24.87,113.63,68.0,100,90,21.92,AU,1596937337
225,waingapu,-9.66,120.26,82.76,62,25,9.51,ID,1596937339
226,arys,42.43,68.8,78.8,36,0,11.18,KZ,1596937340
227,jackson,42.42,-122.83,89.6,27,1,11.41,US,1596937341
228,bethel,41.37,-73.41,75.99,88,1,3.58,US,1596937250
229,pemangkat,1.17,108.97,82.87,73,100,6.73,ID,1596937343
230,mantua,45.17,10.78,71.01,86,0,4.25,IT,1596937344
231,koutiala,12.39,-5.46,72.37,89,95,8.08,ML,1596937346
232,harper,4.38,-7.72,73.98,81,2,5.55,LR,1596937347
233,saint-philippe,-21.36,55.77,66.2,72,90,16.11,RE,1596937348
234,pundaguitan,6.37,126.17,81.73,78,100,4.29,PH,1596937349
235,nome,64.5,-165.41,52.0,71,40,13.87,US,1596937350
236,mana,5.66,-53.78,77.74,87,100,6.2,GF,1596937309
237,cayenne,4.93,-52.33,75.2,100,100,7.54,GF,1596937352
238,beloha,-25.17,45.05,55.17,81,0,7.83,MG,1596937353
239,isangel,-19.55,169.27,76.93,59,49,5.86,VU,1596937354
240,zabid,14.2,43.32,85.21,72,100,3.65,YE,1596937355
241,burns lake,54.23,-125.75,60.58,44,84,6.93,CA,1596937247
242,cap-aux-meules,47.38,-61.86,69.8,68,5,9.17,CA,1596937056
243,venado tuerto,-33.75,-61.97,55.92,85,93,0.87,AR,1596937358
244,broome,42.25,-75.83,75.2,53,1,3.36,US,1596937204
245,pevek,69.7,170.31,44.1,77,100,8.59,RU,1596937360
246,upernavik,72.79,-56.15,41.02,84,88,15.75,GL,1596937184
247,ayan,56.45,138.17,67.87,50,49,8.68,RU,1596937363
248,moree,-29.47,149.85,48.2,87,90,16.11,AU,1596937365
249,sioux lookout,50.1,-91.92,77.0,38,40,3.36,CA,1596937366
250,luba,3.46,8.55,77.0,94,40,6.93,GQ,1596937367
251,rurrenabaque,-14.44,-67.53,72.68,57,0,2.44,BO,1596937368
252,srednekolymsk,67.45,153.68,57.52,45,50,9.33,RU,1596937209
253,makanya,-4.37,37.83,60.48,88,56,4.94,TZ,1596937370
254,hearst,49.68,-83.67,61.43,97,54,5.64,CA,1596937371
255,yamada,39.47,141.95,72.07,92,97,11.03,JP,1596937373
256,atar,20.52,-13.05,97.41,22,48,5.86,MR,1596937374
257,susehri,40.16,38.09,61.25,74,1,3.02,TR,1596937375
258,hasaki,35.73,140.83,90.0,74,75,8.05,JP,1596937053
259,opuwo,-18.06,13.84,48.24,69,0,1.61,NA,1596937377
260,hoquiam,46.98,-123.89,66.0,55,1,17.22,US,1596937378
261,alice springs,-23.7,133.88,57.2,47,0,9.17,AU,1596937381
262,tutoia,-2.76,-42.27,79.21,77,0,11.54,BR,1596937382
263,tuatapere,-46.13,167.68,50.0,87,98,14.0,NZ,1596937186
264,machaneng,-23.19,27.49,46.96,86,0,5.7,BW,1596937384
265,husavik,66.04,-17.34,51.8,76,100,11.41,IS,1596937385
266,dwarka,22.24,68.97,84.02,81,8,18.14,IN,1596937386
267,hamilton,39.18,-84.53,77.0,73,1,2.46,US,1596937170
268,taman,45.21,36.72,71.6,56,20,15.66,RU,1596937389
269,orthez,43.49,-0.77,71.6,88,100,8.05,FR,1596937390
270,nikolskoye,59.7,30.79,63.0,77,12,2.24,RU,1596937184
271,praya,14.92,-23.51,77.0,78,20,14.99,CV,1596937392
272,raudeberg,61.99,5.14,53.01,87,8,6.93,NO,1596937393
273,tilichiki,60.47,166.1,60.82,57,57,12.06,RU,1596937025
274,sumbe,-11.21,13.84,68.52,91,0,1.45,AO,1596937395
275,necochea,-38.55,-58.74,53.01,98,88,8.01,AR,1596937397
276,sur,22.57,59.53,85.03,67,100,13.06,OM,1596937398
277,bria,6.54,21.99,69.24,96,100,4.18,CF,1596937400
278,bathsheba,13.22,-59.52,77.0,94,40,6.93,BB,1596937401
279,los alamos,35.89,-106.31,84.0,14,1,8.05,US,1596937402
280,shaunavon,49.65,-108.42,70.0,40,85,7.31,CA,1596937403
281,trairi,-3.28,-39.27,77.02,83,0,11.27,BR,1596937405
282,mount isa,-20.73,139.5,62.6,29,0,13.87,AU,1596937406
283,bukachacha,52.98,116.92,60.08,90,100,2.71,RU,1596937407
284,clyde river,70.47,-68.59,41.0,86,1,10.29,CA,1596937408
285,okha,53.57,142.95,68.54,55,0,10.04,RU,1596937409
286,iisalmi,63.56,27.19,64.4,100,0,2.24,FI,1596937410
287,hovd,48.01,91.64,62.01,47,0,5.1,MN,1596937206
288,northam,51.03,-4.22,59.0,97,25,1.01,GB,1596937414
289,cervo,43.67,-7.41,64.99,88,100,6.8,ES,1596937415
290,ozernovskiy,51.5,156.52,52.3,94,100,14.85,RU,1596937416
291,portland,45.52,-122.68,77.0,36,20,13.87,US,1596937380
292,sao filipe,14.9,-24.5,78.49,78,81,8.88,CV,1596937419
293,empalme,27.97,-110.82,98.01,63,5,11.41,MX,1596937420
294,rio grande,-32.03,-52.1,55.4,100,90,11.41,BR,1596937311
295,karratha,-20.74,116.85,74.52,58,64,14.63,AU,1596937422
296,betare oya,5.6,14.08,66.0,97,99,3.91,CM,1596937423
297,ilulissat,69.22,-51.1,39.2,80,75,5.82,GL,1596937424
298,vardo,70.37,31.11,52.45,90,99,15.17,NO,1596937425
299,touros,-5.2,-35.46,73.4,94,20,5.82,BR,1596937426
300,verkhnevilyuysk,63.45,120.32,75.85,48,2,3.67,RU,1596937427
301,sault sainte marie,46.52,-84.33,66.2,93,90,8.1,CA,1596937150
302,hemsedal,60.86,8.55,46.99,78,69,5.57,NO,1596937429
303,butembo,0.15,29.28,57.79,96,85,1.74,CD,1596937431
304,port macquarie,-31.43,152.92,62.01,56,0,8.25,AU,1596937154
305,massaguet,12.48,15.44,80.6,78,20,10.29,TD,1596937433
306,itarema,-2.92,-39.92,77.23,82,1,15.35,BR,1596937434
307,lumajang,-8.13,113.22,85.77,56,0,1.52,ID,1596937435
308,sambava,-14.27,50.17,68.76,79,97,11.65,MG,1596937436
309,itaituba,-4.28,-55.98,77.59,55,5,1.16,BR,1596937437
310,beringovskiy,63.05,179.32,50.27,74,21,5.39,RU,1596937438
311,gravdal,68.12,13.5,55.53,75,100,17.87,NO,1596937339
312,flinders,-34.58,150.86,55.0,87,92,3.0,AU,1596937440
313,progreso,21.28,-89.67,86.0,62,75,18.34,MX,1596937441
314,mujiayingzi,42.12,118.78,80.44,36,37,4.32,CN,1596937060
315,turukhansk,65.82,87.98,69.35,59,0,8.9,RU,1596937054
316,bengkulu,-3.8,102.27,82.24,75,29,1.95,ID,1596937444
317,chabahar,25.29,60.64,85.53,74,100,3.71,IR,1596937445
318,kyren,51.68,102.14,62.17,62,76,2.91,RU,1596937449
319,half moon bay,37.46,-122.43,75.99,69,5,13.87,US,1596937267
320,yaan,7.38,8.57,70.68,92,34,6.04,NG,1596937451
321,westport,41.14,-73.36,73.99,88,0,5.86,US,1596937207
322,killarney,52.05,-9.52,53.19,88,99,1.05,IE,1596937453
323,the valley,18.22,-63.06,84.2,74,40,8.05,AI,1596937399
324,ouro preto do oeste,-10.75,-62.22,78.37,37,70,1.14,BR,1596937455
325,zonguldak,41.25,31.83,62.02,86,1,2.08,TR,1596937457
326,samarai,-10.62,150.67,80.17,84,94,7.92,PG,1596937342
327,kupang,-10.17,123.58,87.8,33,20,4.7,ID,1596937459
328,tagusao,9.19,117.81,86.86,64,45,6.8,PH,1596937460
329,mokhsogollokh,61.47,128.92,75.6,43,38,3.6,RU,1596937461
330,khani,41.96,42.96,68.0,100,0,1.12,GE,1596937462
331,primorsk,46.73,36.34,71.08,58,0,16.64,UA,1596937463
332,coihaique,-45.58,-72.07,35.6,74,79,3.36,CL,1596937465
333,saint-pierre,-21.34,55.48,62.6,82,90,10.29,RE,1596937466
334,primorka,47.28,39.06,69.01,49,0,11.01,RU,1596937468
335,la ronge,55.1,-105.28,66.2,59,40,18.34,CA,1596937469
336,nago,26.59,127.98,84.0,88,40,19.46,JP,1596937470
337,aklavik,68.22,-135.01,55.4,71,90,11.41,CA,1596937075
338,dunedin,-45.87,170.5,50.74,63,85,19.89,NZ,1596937268
339,salalah,17.02,54.09,77.0,94,90,5.82,OM,1596937331
340,jutai,-5.18,-68.9,76.93,66,25,2.06,BR,1596937474
341,marawi,8.0,124.29,84.0,74,82,3.0,PH,1596937475
342,innisfail,-17.53,146.03,73.99,56,100,1.01,AU,1596937476
343,qingdao,36.1,120.37,80.6,83,40,8.95,CN,1596937477
344,ferme-neuve,46.7,-75.45,64.72,83,100,3.58,CA,1596937478
345,tarko-sale,64.92,77.78,66.99,81,68,9.84,RU,1596937479
346,maceio,-9.67,-35.74,73.4,88,40,4.7,BR,1596937051
347,yaguajay,22.33,-79.24,79.61,85,0,10.13,CU,1596937481
348,launceston,-41.45,147.17,48.0,75,0,5.82,AU,1596937050
349,saint anthony,45.02,-93.22,75.99,83,1,11.41,US,1596937379
350,owando,-0.48,15.9,73.11,77,95,3.44,CG,1596937485
351,veternik,45.25,19.76,69.01,88,0,1.12,RS,1596937486
352,itum-kale,42.74,45.58,64.38,54,11,6.26,RU,1596937488
353,shubarshi,48.59,57.19,68.88,68,47,8.59,KZ,1596937489
354,kenai,60.55,-151.26,60.01,87,90,5.82,US,1596937218
355,broken hill,-31.95,141.43,46.4,93,90,13.87,AU,1596936900
356,cherskiy,68.75,161.3,48.11,67,94,14.67,RU,1596937492
357,north myrtle beach,33.82,-78.68,82.99,78,1,9.17,US,1596937464
358,along,28.17,94.77,77.16,89,100,0.78,IN,1596937494
359,kokopo,-4.35,152.26,82.06,76,12,2.73,PG,1596937495
360,bonnyville,54.27,-110.73,66.2,45,75,8.05,CA,1596937496
361,lazarev,52.23,141.51,60.19,80,0,18.28,RU,1596937497
362,sandwick,60.0,-1.25,48.2,93,0,6.55,GB,1596937498
363,plouzane,48.38,-4.62,60.8,100,90,6.93,FR,1596937499
364,anadyr,64.75,177.48,57.2,67,20,8.95,RU,1596937500
365,martinho campos,-19.33,-45.24,65.05,64,33,5.86,BR,1596937502
366,sovetskiy,61.36,63.58,53.04,79,100,10.0,RU,1596937503
367,interlaken,36.95,-121.73,77.0,44,1,14.99,US,1596937504
368,lokot,52.56,34.58,57.04,93,0,4.68,RU,1596937505
369,siauliai,55.93,23.32,62.6,88,0,1.66,LT,1596937506
370,tual,-5.67,132.75,78.6,85,100,11.79,ID,1596937507
371,namtsy,62.72,129.67,68.0,64,0,4.47,RU,1596937508
372,oranjemund,-28.55,16.43,56.41,69,70,14.88,NA,1596937509
373,axim,4.87,-2.24,72.54,85,85,5.46,GH,1596937510
374,magadan,59.57,150.8,66.58,58,100,6.35,RU,1596937398
375,shimoda,34.67,138.95,90.0,84,75,16.11,JP,1596937214
376,astakos,38.54,21.08,75.2,88,75,5.82,GR,1596937513
377,pangkalanbuun,-2.68,111.62,85.55,68,57,3.96,ID,1596937514
378,egvekinot,66.32,-179.17,51.51,61,40,6.33,RU,1596937515
379,port hedland,-20.32,118.57,71.6,37,90,13.87,AU,1596937516
380,ferrol,43.48,-8.24,66.0,93,1,1.12,ES,1596937518
381,mutare,-18.97,32.67,45.72,93,2,1.34,ZW,1596937519
382,hervey bay,-25.3,152.85,68.0,56,0,8.99,AU,1596937520
383,huntsville,34.73,-86.59,82.4,83,1,3.53,US,1596937277
384,olginskaya,47.19,39.95,69.01,49,0,11.18,RU,1596937522
385,jalu,29.03,21.55,77.36,60,0,11.23,LY,1596937523
386,hualmay,-11.1,-77.61,59.92,84,1,6.93,PE,1596937524
387,yar-sale,66.83,70.83,49.32,90,100,11.9,RU,1596937525
388,port hardy,50.7,-127.42,62.6,72,40,10.29,CA,1596937526
389,edd,13.93,41.69,89.35,60,100,6.89,ER,1596937527
390,ahuimanu,21.44,-157.84,86.0,66,40,17.22,US,1596937528
391,san quintin,30.48,-115.95,70.18,73,0,16.55,MX,1596937529
392,wattegama,6.8,81.48,77.0,100,75,6.93,LK,1596937530
393,cidreira,-30.18,-50.21,60.19,91,0,11.48,BR,1596937531
394,reggio di calabria,38.11,15.66,77.0,88,20,1.12,IT,1596937533
395,tikhvin,59.65,33.53,56.44,93,39,0.58,RU,1596937534
396,muros,42.78,-9.06,66.0,85,27,1.01,ES,1596937535
397,beian,63.66,9.57,51.01,71,29,9.93,NO,1596937536
398,japura,-0.32,102.35,81.97,81,69,3.13,ID,1596937537
399,benghazi,32.12,20.07,77.99,73,0,11.5,LY,1596937538
400,impfondo,1.64,18.07,73.47,81,100,2.48,CG,1596937539
401,saquarema,-22.92,-42.51,71.6,78,0,8.05,BR,1596937542
402,camopi,3.17,-52.32,72.79,96,1,2.28,GF,1596937543
403,garissa,-0.45,39.64,71.44,76,89,15.97,KE,1596937544
404,mahibadhoo,3.78,72.97,83.08,76,100,14.09,MV,1596937545
405,tecpan,14.76,-90.99,69.8,83,40,9.17,GT,1596937546
406,araouane,18.9,-3.53,93.99,36,2,14.38,ML,1596937547
407,killybegs,54.63,-8.45,48.0,95,74,1.01,IE,1596937548
408,mareeba,-17.0,145.43,80.6,47,90,8.05,AU,1596937549
409,porto novo,6.5,2.6,75.2,88,40,6.93,BJ,1596937550
410,sarakhs,36.54,61.16,73.4,46,0,2.24,IR,1596937551
411,kaka,37.35,59.61,78.85,32,0,6.51,TM,1596937553
412,outjo,-20.12,16.15,49.89,58,0,5.7,NA,1596937554
413,pietarsaari,63.65,22.68,64.99,87,94,6.93,FI,1596937079
414,nishihara,26.18,127.76,84.0,88,75,19.46,JP,1596937556
415,marevo,57.31,32.08,57.42,95,0,2.59,RU,1596937557
416,sola,-13.88,167.55,77.36,84,7,12.21,VU,1596937558
417,bonavista,48.65,-53.11,64.0,80,100,5.01,CA,1596937544
418,wajima,37.4,136.9,78.8,94,75,11.41,JP,1596937560
419,miram shah,33.01,70.07,86.85,49,3,1.81,PK,1596937561
420,tessalit,20.2,1.01,90.23,42,0,11.95,ML,1596937562
421,raahe,64.68,24.48,62.6,93,86,4.7,FI,1596937563
422,palmer,42.16,-72.33,72.0,60,4,4.85,US,1596937339
423,nantucket,41.28,-70.1,68.0,94,90,6.93,US,1596937080
424,seoul,37.57,126.98,78.8,100,90,10.69,KR,1596937547
425,fengxian,34.7,116.59,81.46,83,68,2.17,CN,1596937568
426,ponta delgada,37.73,-25.67,69.8,88,20,5.82,PT,1596937307
427,kamenka,51.32,42.77,57.0,82,0,1.99,RU,1596937570
428,quatre cocos,-20.21,57.76,68.0,82,75,16.11,MU,1596937571
429,longyearbyen,78.22,15.64,53.6,62,9,8.05,SJ,1596937572
430,ketchikan,55.34,-131.65,59.13,78,95,6.67,US,1596937573
431,matagami,49.75,-77.63,73.4,60,90,7.99,CA,1596937574
432,abdanan,32.99,47.42,77.16,25,0,4.72,IR,1596937575
433,pringsewu,-5.36,104.97,82.65,73,16,3.29,ID,1596937577
434,ugoofaaru,5.67,73.0,82.27,76,100,17.05,MV,1596937578
435,bom jesus,-9.07,-44.36,71.02,52,2,3.51,BR,1596937379
436,vryburg,-26.96,24.73,51.62,65,0,18.48,ZA,1596937582
437,aginskoye,51.1,114.53,64.65,66,4,4.65,RU,1596937583
438,naze,28.37,129.48,89.6,75,40,23.04,JP,1596937584
439,petropavlovsk-kamchatskiy,53.05,158.65,55.4,82,40,11.18,RU,1596937585
440,mopti,14.67,-4.0,79.68,77,100,11.25,ML,1596937586
441,selkirk,50.14,-96.88,78.8,39,20,10.29,CA,1596937587
442,mananjary,-21.22,48.33,61.65,77,35,5.26,MG,1596937589
443,baruun-urt,46.68,113.28,61.7,69,100,7.18,MN,1596937590
444,tongling,30.95,117.78,81.79,86,100,3.76,CN,1596937591
445,kudahuvadhoo,2.67,72.89,82.78,81,100,13.2,MV,1596937592
446,lakes entrance,-37.88,147.98,57.0,78,60,8.99,AU,1596937593
447,kolpashevo,58.31,82.91,67.6,58,0,3.85,RU,1596937594
448,bay roberts,47.6,-53.26,64.99,23,100,10.65,CA,1596937595
449,dalnerechensk,45.93,133.72,72.3,82,100,5.41,RU,1596937597
450,merauke,-8.47,140.33,81.25,77,58,7.83,ID,1596937598
451,atambua,-9.11,124.89,85.64,42,0,2.35,ID,1596937599
452,novoilinsk,51.68,108.71,59.7,88,98,4.76,RU,1596937601
453,mongo,12.18,18.69,75.18,84,100,5.7,TD,1596937602
454,san pedro,14.35,121.02,80.01,94,100,6.93,PH,1596937603
455,leshukonskoye,64.9,45.76,49.17,94,100,4.38,RU,1596937604
456,quechultenango,17.42,-99.22,69.44,85,100,0.11,MX,1596937605
457,dakar,14.69,-17.44,80.6,88,13,4.99,SN,1596937349
458,blagoyevo,63.37,47.92,48.99,95,95,5.95,RU,1596937607
459,sukumo,32.93,132.73,86.09,65,98,7.74,JP,1596937608
460,dali,25.7,100.18,65.48,87,100,3.51,CN,1596937609
461,ormara,25.21,64.64,82.98,90,95,13.78,PK,1596937610
462,nakusp,50.25,-117.8,60.01,74,33,1.01,CA,1596937611
463,teahupoo,-17.83,-149.27,82.4,65,20,19.46,PF,1596937613
464,kanniyakumari,8.08,77.57,78.17,84,100,20.09,IN,1596937328
465,ukiah,39.15,-123.21,96.8,22,1,9.17,US,1596937615
466,bahile,10.0,118.79,85.3,71,92,6.91,PH,1596937616
467,emerald,-23.53,148.17,64.0,42,0,12.75,AU,1596937617
468,tselinnoye,53.08,85.67,67.91,69,0,7.54,RU,1596937618
469,urumqi,43.8,87.6,82.4,37,8,2.24,CN,1596937450
470,concordia,-31.39,-58.02,68.0,74,18,4.0,AR,1596937620
471,miles city,46.41,-105.84,87.8,16,1,3.36,US,1596937621
472,pangnirtung,66.15,-65.71,46.4,81,75,8.46,CA,1596937622
473,chumikan,54.72,135.31,70.41,52,48,10.2,RU,1596937623
474,hokitika,-42.72,170.97,50.54,82,100,8.25,NZ,1596937624
475,shebunino,46.43,141.86,67.66,64,12,5.5,RU,1596937625
476,viedma,-40.81,-63.0,53.01,54,14,3.0,AR,1596937626
477,saldanha,-33.01,17.94,57.79,81,83,21.23,ZA,1596937628
478,galle,6.04,80.22,79.32,84,100,14.72,LK,1596937629
479,llandrindod wells,52.24,-3.38,59.0,90,6,5.06,GB,1596937630
480,tahoua,14.89,5.27,79.23,71,90,10.22,NE,1596937631
481,ambilobe,-13.2,49.05,62.35,90,0,3.62,MG,1596937632
482,suntar,62.14,117.63,69.8,58,77,2.04,RU,1596937076
483,puerto penasco,31.32,-113.53,90.0,76,0,5.01,MX,1596937391
484,pizarro,4.95,-77.37,78.75,90,74,8.39,CO,1596937635
485,ancud,-41.87,-73.82,43.0,93,100,3.36,CL,1596937636
486,port blair,11.67,92.75,82.08,79,100,20.98,IN,1596937637
487,mackenzie,55.3,-123.17,64.4,39,1,10.29,CA,1596937639
488,lavrentiya,65.58,-171.0,47.28,74,0,6.2,RU,1596937640
489,skjervoy,70.03,20.97,53.76,95,100,3.38,NO,1596937641
490,yavatmal,20.4,78.13,75.63,91,100,10.67,IN,1596937642
491,melenki,55.33,41.63,55.4,96,2,6.2,RU,1596937643
492,nyurba,63.28,118.33,75.51,50,1,3.83,RU,1596937645
493,damara,4.96,18.7,70.27,94,100,4.7,CF,1596937646
494,beverley,53.85,-0.42,59.0,93,100,10.29,GB,1596937647
495,clarence town,-32.58,151.78,59.0,50,5,25.28,AU,1596937648
496,paracatu,-17.22,-46.87,61.95,57,4,1.66,BR,1596937649
497,khor,47.89,134.95,70.02,80,82,4.54,RU,1596937650
498,hay river,60.82,-115.8,68.0,64,75,6.93,CA,1596937354
499,batemans bay,-35.72,150.18,48.0,96,100,10.0,AU,1596937652
500,faya,18.39,42.45,64.4,93,99,5.82,SA,1596937653
501,altay,47.87,88.12,72.07,30,0,1.63,CN,1596937654
502,nabire,-3.37,135.48,85.53,65,1,4.16,ID,1596937656
503,china,25.7,-99.23,85.86,61,1,23.44,MX,1596937658
504,tautira,-17.73,-149.15,82.4,65,20,19.46,PF,1596937659
505,banda aceh,5.56,95.32,85.55,65,75,11.07,ID,1596937366
506,yulin,22.63,110.15,85.51,74,89,6.53,CN,1596937662
507,sivaki,52.63,126.75,58.3,94,100,10.67,RU,1596937663
508,boende,-0.22,20.87,72.93,84,100,1.79,CD,1596937664
509,abashiri,44.02,144.27,79.0,60,20,11.41,JP,1596937665
510,pathein,16.78,94.73,84.11,78,64,7.96,MM,1596937666
511,antofagasta,-23.65,-70.4,57.2,82,75,8.05,CL,1596937621
512,oktyabrskiy,54.48,53.47,54.36,81,99,13.87,RU,1596937555
513,cabo san lucas,22.89,-109.91,89.01,48,5,10.29,MX,1596937613
514,kaili,-3.46,120.21,79.59,69,45,3.71,ID,1596937672
515,ozorkow,51.96,19.29,66.0,100,17,1.12,PL,1596937673
516,bubaque,11.28,-15.83,79.29,86,99,17.76,GW,1596937675
517,miyako,39.64,141.95,73.08,89,91,11.88,JP,1596937676
518,richards bay,-28.78,32.04,64.31,52,0,13.29,ZA,1596937677
519,port-cartier,50.03,-66.87,69.01,93,75,4.7,CA,1596937678
520,iba,15.37,120.03,80.6,88,90,16.11,PH,1596937679
521,cardenas,23.04,-81.2,80.6,88,20,5.82,CU,1596937680
522,severobaykalsk,55.65,109.32,60.66,75,100,3.76,RU,1596937681
523,casma,-41.01,-73.12,50.0,93,100,10.29,CL,1596937682
524,amga,60.9,131.96,75.9,41,67,0.25,RU,1596937683
525,makaryev,57.88,43.81,50.79,97,0,4.85,RU,1596937684
526,sobolevo,54.43,31.9,58.55,94,53,4.59,RU,1596937686
527,portel,-1.94,-50.82,80.38,62,55,2.26,BR,1596937688
528,klyuchi,52.27,79.17,71.69,56,7,4.85,RU,1596937690
529,berlevag,70.86,29.09,51.78,86,62,11.27,NO,1596937691
530,inverness,57.48,-4.22,52.0,100,1,1.12,GB,1596937595
531,honningsvag,70.98,25.97,54.61,84,82,10.6,NO,1596937693
532,coahuayana,18.73,-103.68,80.1,83,100,3.65,MX,1596937694
533,hambantota,6.12,81.12,77.0,100,75,6.93,LK,1596937695
534,adrar,20.5,-10.07,96.39,20,0,14.12,MR,1596937696
535,mikkeli,61.69,27.27,62.01,90,0,1.99,FI,1596937697
536,ulaangom,49.98,92.07,64.87,53,0,3.29,MN,1596937698
537,aldan,58.6,125.39,68.07,54,62,2.53,RU,1596937699
538,kushima,31.46,131.23,86.0,79,40,16.11,JP,1596937700
539,grenville,12.12,-61.62,80.6,88,20,6.93,GD,1596937701
540,grootfontein,-19.57,18.12,47.98,55,0,2.3,NA,1596937702
541,denia,38.84,0.11,81.0,61,34,3.85,ES,1596937704
542,ardatov,55.24,43.1,53.71,96,1,5.37,RU,1596937705
543,mansfield,53.13,-1.2,59.0,91,100,1.99,GB,1596937706
544,bahia honda,22.9,-83.16,80.49,83,32,9.19,CU,1596937708
545,astana,51.18,71.45,69.8,60,75,4.47,KZ,1596937709
546,springbok,-29.66,17.89,44.67,93,95,19.48,ZA,1596937710
547,fengrun,39.83,118.12,95.0,12,20,5.21,CN,1596937507
548,smithers,54.78,-127.17,60.8,55,40,4.7,CA,1596937502
549,savelugu,9.62,-0.83,72.09,90,33,5.17,GH,1596937713
550,canton,23.12,113.25,87.8,62,40,4.47,CN,1596937603
551,natitingou,10.3,1.38,67.82,94,4,2.24,BJ,1596937715
552,barguzin,53.62,109.62,59.85,85,100,0.38,RU,1596937716
553,brownsville,25.9,-97.5,84.99,70,1,12.75,US,1596937500
554,arlit,18.74,7.39,83.93,53,100,9.57,NE,1596937718
555,balvi,57.13,27.27,59.4,94,0,1.81,LV,1596937719
556,beysehir,37.68,31.72,65.53,71,0,4.21,TR,1596937721
557,alofi,-19.06,-169.92,78.8,57,0,6.93,NU,1596937722
558,hoa binh,20.81,105.34,86.0,74,75,6.93,VN,1596937712
559,lazaro cardenas,17.96,-102.2,79.03,88,100,7.34,MX,1596937725
560,sulangan,11.14,123.72,84.63,74,83,13.87,PH,1596937726
561,maragogi,-9.01,-35.22,72.66,88,21,7.94,BR,1596937727
562,havre,49.58,0.33,68.0,82,0,4.7,FR,1596937728
